wP,wF,wD,S_no_RL,S_RL,equilibrium_pairs,defender_value
0.0,0.0,1.0,0.9950079659515844,0.5880710515631344,dRID:AD,-0.8880710515631345
0.0,0.05,0.95,0.9548975676540051,0.5586674989849777,dRID:AD,-0.8586674989849777
0.0,0.1,0.9,0.9147871693564259,0.5292639464068211,dRID:AD,-0.8292639464068211
0.0,0.15,0.85,0.8746767710588467,0.49986039382866426,dRID:AD,-0.7998603938286644
0.0,0.2,0.8,0.8345663727612675,0.4704568412505076,dRID:AD,-0.7704568412505076
0.0,0.25,0.75,0.7944559744636883,0.44105328867235083,dRID:AD,-0.7410532886723509
0.0,0.3,0.7,0.754345576166109,0.4116497360941941,dRID:AD,-0.7116497360941941
0.0,0.35,0.65,0.7142351778685299,0.3822461835160374,dRID:AD,-0.6822461835160374
0.0,0.4,0.6,0.6741247795709505,0.35284263093788065,dRID:AD,-0.6528426309378808
0.0,0.45,0.55,0.6340143812733714,0.32343907835972396,dRID:AD,-0.623439078359724
0.0,0.5,0.5,0.5939039829757922,0.2940355257815672,dRID:AD,-0.5940355257815673
0.0,0.55,0.45,0.5537935846782129,0.26463197320341053,dRID:AD,-0.5646319732034106
0.0,0.6,0.4,0.5136831863806337,0.2352284206252538,dRID:AD,-0.5352284206252538
0.0,0.65,0.35,0.4735727880830545,0.20582486804709704,dRID:AD,-0.5058248680470971
0.0,0.7,0.3,0.43346238978547524,0.17642131546894033,dRID:AD,-0.4764213154689404
0.0,0.75,0.25,0.3933519914878961,0.1470177628907836,dRID:AD,-0.44701776289078365
0.0,0.8,0.2,0.3532415931903169,0.1176142103126269,dRID:AD,-0.4176142103126269
0.0,0.85,0.15,0.31313119489273766,0.08821065773447016,dRID:A0,-0.30000000000000004
0.0,0.9,0.1,0.27302079659515843,0.05880710515631345,dRID:A0,-0.30000000000000004
0.0,0.95,0.05,0.2329103982975792,0.029403552578156723,dRID:A0,-0.30000000000000004
0.0,1.0,0.0,0.1928,0.0,dRID:A0,-0.30000000000000004
0.05,0.0,0.95,0.9509325676540051,0.5586674989849777,dRID:AD,-0.8586674989849777
0.05,0.05,0.9,0.9108221693564259,0.5292639464068211,dRID:AD,-0.8292639464068211
0.05,0.1,0.85,0.8707117710588468,0.49986039382866426,dRID:AD,-0.7998603938286644
0.05,0.15,0.8,0.8306013727612676,0.4704568412505076,dRID:AD,-0.7704568412505076
0.05,0.2,0.75,0.7904909744636883,0.44105328867235083,dRID:AD,-0.7410532886723509
0.05,0.25,0.7,0.750380576166109,0.4116497360941941,dRID:AD,-0.7116497360941941
0.05,0.3,0.65,0.7102701778685299,0.3822461835160374,dRID:AD,-0.6822461835160374
0.05,0.35,0.6,0.6701597795709505,0.35284263093788065,dRID:AD,-0.6528426309378808
0.05,0.4,0.55,0.6300493812733714,0.32343907835972396,dRID:AD,-0.623439078359724
0.05,0.45,0.5,0.5899389829757922,0.2940355257815672,dRID:AD,-0.5940355257815673
0.05,0.5,0.45,0.5498285846782129,0.26463197320341053,dRID:AD,-0.5646319732034106
0.05,0.55,0.4,0.5097181863806337,0.2352284206252538,dRID:AD,-0.5352284206252538
0.05,0.6,0.35,0.4696077880830545,0.20582486804709704,dRID:AD,-0.5058248680470971
0.05,0.65,0.3,0.4294973897854753,0.17642131546894033,dRID:AD,-0.4764213154689404
0.05,0.7,0.25,0.38938699148789613,0.1470177628907836,dRID:AD,-0.44701776289078365
0.05,0.75,0.2,0.3492765931903169,0.1176142103126269,dRID:AD,-0.4176142103126269
0.05,0.8,0.15,0.30916619489273767,0.08821065773447016,dRID:A0,-0.30000000000000004
0.05,0.85,0.1,0.26905579659515844,0.05880710515631345,dRID:A0,-0.30000000000000004
0.05,0.9,0.05,0.22894539829757923,0.029403552578156723,dRID:A0,-0.30000000000000004
0.05,0.95,0.0,0.188835,0.0,dRID:A0,-0.30000000000000004
0.1,0.0,0.9,0.9068571693564259,0.5292639464068211,dRID:AD,-0.8292639464068211
0.1,0.05,0.85,0.8667467710588468,0.49986039382866426,dRID:AD,-0.7998603938286644
0.1,0.1,0.8,0.8266363727612676,0.4704568412505076,dRID:AD,-0.7704568412505076
0.1,0.15,0.75,0.7865259744636883,0.44105328867235083,dRID:AD,-0.7410532886723509
0.1,0.2,0.7,0.746415576166109,0.4116497360941941,dRID:AD,-0.7116497360941941
0.1,0.25,0.65,0.7063051778685299,0.3822461835160374,dRID:AD,-0.6822461835160374
0.1,0.3,0.6,0.6661947795709505,0.35284263093788065,dRID:AD,-0.6528426309378808
0.1,0.35,0.55,0.6260843812733714,0.32343907835972396,dRID:AD,-0.623439078359724
0.1,0.4,0.5,0.5859739829757922,0.2940355257815672,dRID:AD,-0.5940355257815673
0.1,0.45,0.45,0.5458635846782129,0.26463197320341053,dRID:AD,-0.5646319732034106
0.1,0.5,0.4,0.5057531863806337,0.2352284206252538,dRID:AD,-0.5352284206252538
0.1,0.55,0.35,0.4656427880830545,0.20582486804709704,dRID:AD,-0.5058248680470971
0.1,0.6,0.3,0.42553238978547525,0.17642131546894033,dRID:AD,-0.4764213154689404
0.1,0.65,0.25,0.38542199148789613,0.1470177628907836,dRID:AD,-0.44701776289078365
0.1,0.7,0.2,0.3453115931903169,0.1176142103126269,dRID:AD,-0.4176142103126269
0.1,0.75,0.15,0.30520119489273767,0.08821065773447016,dRID:A0,-0.30000000000000004
0.1,0.8,0.1,0.26509079659515844,0.05880710515631345,dRID:A0,-0.30000000000000004
0.1,0.85,0.05,0.2249803982975792,0.029403552578156723,dRID:A0,-0.30000000000000004
0.1,0.9,0.0,0.18487,0.0,dRID:A0,-0.30000000000000004
0.15,0.0,0.85,0.8627817710588467,0.49986039382866426,dRID:AD,-0.7998603938286644
0.15,0.05,0.8,0.8226713727612676,0.4704568412505076,dRID:AD,-0.7704568412505076
0.15,0.1,0.75,0.7825609744636883,0.44105328867235083,dRID:AD,-0.7410532886723509
0.15,0.15,0.7,0.742450576166109,0.4116497360941941,dRID:AD,-0.7116497360941941
0.15,0.2,0.65,0.7023401778685299,0.3822461835160374,dRID:AD,-0.6822461835160374
0.15,0.25,0.6,0.6622297795709505,0.35284263093788065,dRID:AD,-0.6528426309378808
0.15,0.3,0.55,0.6221193812733714,0.32343907835972396,dRID:AD,-0.623439078359724
0.15,0.35,0.5,0.5820089829757922,0.2940355257815672,dRID:AD,-0.5940355257815673
0.15,0.4,0.45,0.541898584678213,0.26463197320341053,dRID:AD,-0.5646319732034106
0.15,0.45,0.4,0.5017881863806337,0.2352284206252538,dRID:AD,-0.5352284206252538
0.15,0.5,0.35,0.4616777880830545,0.20582486804709704,dRID:AD,-0.5058248680470971
0.15,0.55,0.3,0.42156738978547525,0.17642131546894033,dRID:AD,-0.4764213154689404
0.15,0.6,0.25,0.3814569914878961,0.1470177628907836,dRID:AD,-0.44701776289078365
0.15,0.65,0.2,0.3413465931903169,0.1176142103126269,dRID:AD,-0.4176142103126269
0.15,0.7,0.15,0.3012361948927377,0.08821065773447016,dRID:A0,-0.30000000000000004
0.15,0.75,0.1,0.26112579659515844,0.05880710515631345,dRID:A0,-0.30000000000000004
0.15,0.8,0.05,0.22101539829757924,0.029403552578156723,dRID:A0,-0.30000000000000004
0.15,0.85,0.0,0.180905,0.0,dRID:A0,-0.30000000000000004
0.2,0.0,0.8,0.8187063727612676,0.4704568412505076,dRID:AD,-0.7704568412505076
0.2,0.05,0.75,0.7785959744636883,0.44105328867235083,dRID:AD,-0.7410532886723509
0.2,0.1,0.7,0.738485576166109,0.4116497360941941,dRID:AD,-0.7116497360941941
0.2,0.15,0.65,0.6983751778685299,0.3822461835160374,dRID:AD,-0.6822461835160374
0.2,0.2,0.6,0.6582647795709505,0.35284263093788065,dRID:AD,-0.6528426309378808
0.2,0.25,0.55,0.6181543812733714,0.32343907835972396,dRID:AD,-0.623439078359724
0.2,0.3,0.5,0.5780439829757922,0.2940355257815672,dRID:AD,-0.5940355257815673
0.2,0.35,0.45,0.537933584678213,0.26463197320341053,dRID:AD,-0.5646319732034106
0.2,0.4,0.4,0.4978231863806338,0.2352284206252538,dRID:AD,-0.5352284206252538
0.2,0.45,0.35,0.4577127880830545,0.20582486804709704,dRID:AD,-0.5058248680470971
0.2,0.5,0.3,0.41760238978547526,0.17642131546894033,dRID:AD,-0.4764213154689404
0.2,0.55,0.25,0.37749199148789614,0.1470177628907836,dRID:AD,-0.44701776289078365
0.2,0.6,0.2,0.3373815931903169,0.1176142103126269,dRID:AD,-0.4176142103126269
0.2,0.65,0.15,0.2972711948927377,0.08821065773447016,dRID:A0,-0.30000000000000004
0.2,0.7,0.1,0.25716079659515845,0.05880710515631345,dRID:A0,-0.30000000000000004
0.2,0.75,0.05,0.21705039829757922,0.029403552578156723,dRID:A0,-0.30000000000000004
0.2,0.8,0.0,0.17694000000000004,0.0,dRID:A0,-0.30000000000000004
0.25,0.0,0.75,0.7746309744636883,0.44105328867235083,dRID:AD,-0.7410532886723509
0.25,0.05,0.7,0.734520576166109,0.4116497360941941,dRID:AD,-0.7116497360941941
0.25,0.1,0.65,0.6944101778685299,0.3822461835160374,dRID:AD,-0.6822461835160374
0.25,0.15,0.6,0.6542997795709505,0.35284263093788065,dRID:AD,-0.6528426309378808
0.25,0.2,0.55,0.6141893812733714,0.32343907835972396,dRID:AD,-0.623439078359724
0.25,0.25,0.5,0.5740789829757922,0.2940355257815672,dRID:AD,-0.5940355257815673
0.25,0.3,0.45,0.533968584678213,0.26463197320341053,dRID:AD,-0.5646319732034106
0.25,0.35,0.4,0.4938581863806338,0.2352284206252538,dRID:AD,-0.5352284206252538
0.25,0.4,0.35,0.4537477880830545,0.20582486804709704,dRID:AD,-0.5058248680470971
0.25,0.45,0.3,0.41363738978547526,0.17642131546894033,dRID:AD,-0.4764213154689404
0.25,0.5,0.25,0.3735269914878961,0.1470177628907836,dRID:AD,-0.44701776289078365
0.25,0.55,0.2,0.3334165931903169,0.1176142103126269,dRID:AD,-0.4176142103126269
0.25,0.6,0.15,0.2933061948927376,0.08821065773447016,dRID:A0,-0.30000000000000004
0.25,0.65,0.1,0.25319579659515845,0.05880710515631345,dRID:A0,-0.30000000000000004
0.25,0.7,0.05,0.21308539829757922,0.029403552578156723,dRID:A0,-0.30000000000000004
0.25,0.75,0.0,0.17297500000000002,0.0,dRID:A0,-0.30000000000000004
0.3,0.0,0.7,0.730555576166109,0.4116497360941941,dRID:AD,-0.7116497360941941
0.3,0.05,0.65,0.6904451778685299,0.3822461835160374,dRID:AD,-0.6822461835160374
0.3,0.1,0.6,0.6503347795709505,0.35284263093788065,dRID:AD,-0.6528426309378808
0.3,0.15,0.55,0.6102243812733714,0.32343907835972396,dRID:AD,-0.623439078359724
0.3,0.2,0.5,0.5701139829757922,0.2940355257815672,dRID:AD,-0.5940355257815673
0.3,0.25,0.45,0.530003584678213,0.26463197320341053,dRID:AD,-0.5646319732034106
0.3,0.3,0.4,0.4898931863806337,0.2352284206252538,dRID:AD,-0.5352284206252538
0.3,0.35,0.35,0.4497827880830545,0.20582486804709704,dRID:AD,-0.5058248680470971
0.3,0.4,0.3,0.40967238978547527,0.17642131546894033,dRID:AD,-0.4764213154689404
0.3,0.45,0.25,0.3695619914878961,0.1470177628907836,dRID:AD,-0.44701776289078365
0.3,0.5,0.2,0.3294515931903169,0.1176142103126269,dRID:AD,-0.4176142103126269
0.3,0.55,0.15,0.2893411948927377,0.08821065773447016,dRID:A0,-0.30000000000000004
0.3,0.6,0.1,0.24923079659515845,0.05880710515631345,dRID:A0,-0.30000000000000004
0.3,0.65,0.05,0.20912039829757922,0.029403552578156723,dRID:A0,-0.30000000000000004
0.3,0.7,0.0,0.16901,0.0,dRID:A0,-0.30000000000000004
0.35,0.0,0.65,0.6864801778685299,0.3822461835160374,dRID:AD,-0.6822461835160374
0.35,0.05,0.6,0.6463697795709505,0.35284263093788065,dRID:AD,-0.6528426309378808
0.35,0.1,0.55,0.6062593812733714,0.32343907835972396,dRID:AD,-0.623439078359724
0.35,0.15,0.5,0.5661489829757922,0.2940355257815672,dRID:AD,-0.5940355257815673
0.35,0.2,0.45,0.526038584678213,0.26463197320341053,dRID:AD,-0.5646319732034106
0.35,0.25,0.4,0.48592818638063373,0.2352284206252538,dRID:AD,-0.5352284206252538
0.35,0.3,0.35,0.4458177880830545,0.20582486804709704,dRID:AD,-0.5058248680470971
0.35,0.35,0.3,0.40570738978547527,0.17642131546894033,dRID:AD,-0.4764213154689404
0.35,0.4,0.25,0.3655969914878961,0.1470177628907836,dRID:AD,-0.44701776289078365
0.35,0.45,0.2,0.3254865931903169,0.1176142103126269,dRID:AD,-0.4176142103126269
0.35,0.5,0.15,0.28537619489273763,0.08821065773447016,dRID:A0,-0.30000000000000004
0.35,0.55,0.1,0.24526579659515846,0.05880710515631345,dRID:A0,-0.30000000000000004
0.35,0.6,0.05,0.20515539829757923,0.029403552578156723,dRID:A0,-0.30000000000000004
0.35,0.65,0.0,0.16504500000000003,0.0,dRID:A0,-0.30000000000000004
0.4,0.0,0.6,0.6424047795709505,0.35284263093788065,dRID:AD,-0.6528426309378808
0.4,0.05,0.55,0.6022943812733714,0.32343907835972396,dRID:AD,-0.623439078359724
0.4,0.1,0.5,0.5621839829757922,0.2940355257815672,dRID:AD,-0.5940355257815673
0.4,0.15,0.45,0.522073584678213,0.26463197320341053,dRID:AD,-0.5646319732034106
0.4,0.2,0.4,0.4819631863806338,0.2352284206252538,dRID:AD,-0.5352284206252538
0.4,0.25,0.35,0.4418527880830545,0.20582486804709704,dRID:AD,-0.5058248680470971
0.4,0.3,0.3,0.4017423897854753,0.17642131546894033,dRID:AD,-0.4764213154689404
0.4,0.35,0.25,0.3616319914878961,0.1470177628907836,dRID:AD,-0.44701776289078365
0.4,0.4,0.2,0.3215215931903169,0.1176142103126269,dRID:AD,-0.4176142103126269
0.4,0.45,0.15,0.2814111948927377,0.08821065773447016,dRID:A0,-0.30000000000000004
0.4,0.5,0.1,0.24130079659515846,0.05880710515631345,dRID:A0,-0.30000000000000004
0.4,0.55,0.05,0.20119039829757923,0.029403552578156723,dRID:A0,-0.30000000000000004
0.4,0.6,0.0,0.16108,0.0,dRID:A0,-0.30000000000000004
0.45,0.0,0.55,0.5983293812733714,0.32343907835972396,dRID:AD,-0.623439078359724
0.45,0.05,0.5,0.5582189829757922,0.2940355257815672,dRID:AD,-0.5940355257815673
0.45,0.1,0.45,0.518108584678213,0.26463197320341053,dRID:AD,-0.5646319732034106
0.45,0.15,0.4,0.4779981863806338,0.2352284206252538,dRID:AD,-0.5352284206252538
0.45,0.2,0.35,0.4378877880830545,0.20582486804709704,dRID:AD,-0.5058248680470971
0.45,0.25,0.3,0.3977773897854753,0.17642131546894033,dRID:AD,-0.4764213154689404
0.45,0.3,0.25,0.3576669914878961,0.1470177628907836,dRID:AD,-0.44701776289078365
0.45,0.35,0.2,0.3175565931903169,0.1176142103126269,dRID:AD,-0.4176142103126269
0.45,0.4,0.15,0.2774461948927377,0.08821065773447016,dRID:A0,-0.30000000000000004
0.45,0.45,0.1,0.23733579659515847,0.05880710515631345,dRID:A0,-0.30000000000000004
0.45,0.5,0.05,0.19722539829757924,0.029403552578156723,dRID:A0,-0.30000000000000004
0.45,0.55,0.0,0.15711500000000003,0.0,dRID:A0,-0.30000000000000004
0.5,0.0,0.5,0.5542539829757922,0.2940355257815672,dRID:AD,-0.5940355257815673
0.5,0.05,0.45,0.514143584678213,0.26463197320341053,dRID:AD,-0.5646319732034106
0.5,0.1,0.4,0.4740331863806338,0.2352284206252538,dRID:AD,-0.5352284206252538
0.5,0.15,0.35,0.4339227880830545,0.20582486804709704,dRID:AD,-0.5058248680470971
0.5,0.2,0.3,0.3938123897854753,0.17642131546894033,dRID:AD,-0.4764213154689404
0.5,0.25,0.25,0.3537019914878961,0.1470177628907836,dRID:AD,-0.44701776289078365
0.5,0.3,0.2,0.31359159319031693,0.1176142103126269,dRID:AD,-0.4176142103126269
0.5,0.35,0.15,0.27348119489273764,0.08821065773447016,dRID:A0,-0.30000000000000004
0.5,0.4,0.1,0.23337079659515847,0.05880710515631345,dRID:A0,-0.30000000000000004
0.5,0.45,0.05,0.19326039829757924,0.029403552578156723,dRID:A0,-0.30000000000000004
0.5,0.5,0.0,0.15315,0.0,dRID:A0,-0.30000000000000004
0.55,0.0,0.45,0.510178584678213,0.26463197320341053,dRID:AD,-0.5646319732034106
0.55,0.05,0.4,0.4700681863806338,0.2352284206252538,dRID:AD,-0.5352284206252538
0.55,0.1,0.35,0.4299577880830545,0.20582486804709704,dRID:AD,-0.5058248680470971
0.55,0.15,0.3,0.3898473897854753,0.17642131546894033,dRID:AD,-0.4764213154689404
0.55,0.2,0.25,0.3497369914878961,0.1470177628907836,dRID:AD,-0.44701776289078365
0.55,0.25,0.2,0.30962659319031693,0.1176142103126269,dRID:AD,-0.4176142103126269
0.55,0.3,0.15,0.26951619489273765,0.08821065773447016,dRID:A0,-0.30000000000000004
0.55,0.35,0.1,0.22940579659515847,0.05880710515631345,dRID:A0,-0.30000000000000004
0.55,0.4,0.05,0.18929539829757924,0.029403552578156723,dRID:A0,-0.30000000000000004
0.55,0.45,0.0,0.14918500000000004,0.0,dRID:A0,-0.30000000000000004
0.6,0.0,0.4,0.46610318638063375,0.2352284206252538,dRID:AD,-0.5352284206252538
0.6,0.05,0.35,0.4259927880830545,0.20582486804709704,dRID:AD,-0.5058248680470971
0.6,0.1,0.3,0.3858823897854753,0.17642131546894033,dRID:AD,-0.4764213154689404
0.6,0.15,0.25,0.3457719914878961,0.1470177628907836,dRID:AD,-0.44701776289078365
0.6,0.2,0.2,0.30566159319031694,0.1176142103126269,dRID:AD,-0.4176142103126269
0.6,0.25,0.15,0.26555119489273765,0.08821065773447016,dRID:A0,-0.30000000000000004
0.6,0.3,0.1,0.22544079659515848,0.05880710515631345,dRID:A0,-0.30000000000000004
0.6,0.35,0.05,0.18533039829757925,0.029403552578156723,dRID:A0,-0.30000000000000004
0.6,0.4,0.0,0.14522000000000002,0.0,dRID:A0,-0.30000000000000004
0.65,0.0,0.35,0.4220277880830545,0.20582486804709704,dRID:AD,-0.5058248680470971
0.65,0.05,0.3,0.3819173897854753,0.17642131546894033,dRID:AD,-0.4764213154689404
0.65,0.1,0.25,0.3418069914878961,0.1470177628907836,dRID:AD,-0.44701776289078365
0.65,0.15,0.2,0.30169659319031694,0.1176142103126269,dRID:AD,-0.4176142103126269
0.65,0.2,0.15,0.2615861948927377,0.08821065773447016,dRID:A0,-0.30000000000000004
0.65,0.25,0.1,0.22147579659515848,0.05880710515631345,dRID:A0,-0.30000000000000004
0.65,0.3,0.05,0.18136539829757925,0.029403552578156723,dRID:A0,-0.30000000000000004
0.65,0.35,0.0,0.14125500000000002,0.0,dRID:A0,-0.30000000000000004
0.7,0.0,0.3,0.3779523897854753,0.17642131546894033,dRID:AD,-0.4764213154689404
0.7,0.05,0.25,0.3378419914878961,0.1470177628907836,dRID:AD,-0.44701776289078365
0.7,0.1,0.2,0.2977315931903169,0.1176142103126269,dRID:AD,-0.4176142103126269
0.7,0.15,0.15,0.25762119489273766,0.08821065773447016,dRID:A0,-0.30000000000000004
0.7,0.2,0.1,0.21751079659515848,0.05880710515631345,dRID:A0,-0.30000000000000004
0.7,0.25,0.05,0.17740039829757923,0.029403552578156723,dRID:A0,-0.30000000000000004
0.7,0.3,0.0,0.13729000000000002,0.0,dRID:A0,-0.30000000000000004
0.75,0.0,0.25,0.3338769914878961,0.1470177628907836,dRID:AD,-0.44701776289078365
0.75,0.05,0.2,0.2937665931903169,0.1176142103126269,dRID:AD,-0.4176142103126269
0.75,0.1,0.15,0.25365619489273766,0.08821065773447016,dRID:A0,-0.30000000000000004
0.75,0.15,0.1,0.2135457965951585,0.05880710515631345,dRID:A0,-0.30000000000000004
0.75,0.2,0.05,0.17343539829757926,0.029403552578156723,dRID:A0,-0.30000000000000004
0.75,0.25,0.0,0.13332500000000003,0.0,dRID:A0,-0.30000000000000004
0.8,0.0,0.2,0.28980159319031695,0.1176142103126269,dRID:AD,-0.4176142103126269
0.8,0.05,0.15,0.24969119489273767,0.08821065773447016,dRID:A0,-0.30000000000000004
0.8,0.1,0.1,0.2095807965951585,0.05880710515631345,dRID:A0,-0.30000000000000004
0.8,0.15,0.05,0.16947039829757926,0.029403552578156723,dRID:A0,-0.30000000000000004
0.8,0.2,0.0,0.12936000000000006,0.0,dRID:A0,-0.30000000000000004
0.85,0.0,0.15,0.24572619489273767,0.08821065773447016,dRID:A0,-0.30000000000000004
0.85,0.05,0.1,0.20561579659515847,0.05880710515631345,dRID:A0,-0.30000000000000004
0.85,0.1,0.05,0.16550539829757926,0.029403552578156723,dRID:A0,-0.30000000000000004
0.85,0.15,0.0,0.12539500000000003,0.0,dRID:A0,-0.30000000000000004
0.9,0.0,0.1,0.2016507965951585,0.05880710515631345,dRID:A0,-0.30000000000000004
0.9,0.05,0.05,0.16154039829757927,0.029403552578156723,dRID:A0,-0.30000000000000004
0.9,0.1,0.0,0.12143000000000005,0.0,dRID:A0,-0.30000000000000004
0.95,0.0,0.05,0.15757539829757924,0.029403552578156723,dRID:A0,-0.30000000000000004
0.95,0.05,0.0,0.11746500000000003,0.0,dRID:A0,-0.30000000000000004
1.0,0.0,0.0,0.11350000000000005,0.0,dRID:A0,-0.30000000000000004
